Complaint,Resolution
Battery drains after firmware update,Rolled back firmware and released patch
Device overheats while charging,Replaced battery and updated firmware
Screen flickers intermittently,Reconnected display cable
No sound from speaker,Speaker module replaced
Camera images are blurry,Camera lens replaced
Motor vibrates during operation,Shaft tightened and balanced
Packaging torn during delivery,Packaging material upgraded
WiFi disconnects frequently,Updated wireless drivers
Charging port not detecting charger,Charging connector replaced
Touchscreen lagging,Touch firmware recalibrated